order_id,customer_id,product_id,quantity,price,order_date,event_type
2656,8580,9559,5,173.06,2024-02-12,INSERT
3561,1503,1578,4,514.11,2024-03-22,INSERT
4980,2865,6383,5,981.61,2024-06-26,UPDATE
5919,3646,1064,3,983.9,2024-04-08,DELETE
2211,6572,7191,4,672.6,2024-02-15,DELETE
6841,2375,7684,2,837.2,2024-05-20,DELETE
2651,6991,6944,5,777.52,2024-05-17,DELETE
1311,4024,4649,4,335.23,2024-01-13,DELETE
9828,1024,3174,2,885.74,2024-02-18,INSERT
7268,1560,9960,2,184.24,2024-01-21,INSERT
4775,3476,3228,1,528.94,2024-04-06,DELETE
6715,3464,7547,2,903.14,2024-01-23,UPDATE
6926,3496,9751,2,459.93,2024-03-24,DELETE
6239,2626,9225,5,52.65,2024-04-13,UPDATE
2440,8761,1504,3,287.49,2024-04-03,INSERT
5882,3210,7836,4,871.21,2024-01-28,DELETE
1796,7909,9485,3,531.59,2024-05-02,DELETE
4034,2914,1905,2,645.73,2024-03-23,INSERT
1537,6184,7518,4,822.27,2024-02-23,DELETE
1366,1650,2783,3,544.1,2024-03-27,DELETE
5866,9050,8276,5,560.1,2024-04-30,INSERT
1538,5461,6138,5,532.32,2024-05-20,INSERT
7689,5194,9507,4,30.8,2024-04-20,INSERT
4977,6579,2934,2,827.01,2024-01-23,INSERT
5989,1930,5886,3,627.56,2024-02-29,DELETE
1158,8880,2846,3,287.45,2024-05-10,INSERT
7791,2823,4311,1,569.05,2024-06-03,UPDATE
4076,7593,5703,5,419.43,2024-05-19,UPDATE
9904,5313,7377,1,699.26,2024-02-02,INSERT
4462,2808,4311,3,733.92,2024-02-04,UPDATE
4212,3623,6098,5,190.15,2024-01-17,INSERT
4789,3476,8339,1,644.81,2024-01-11,INSERT
4922,6077,6155,5,530.17,2024-04-14,DELETE
5463,9844,4015,1,823.24,2024-01-31,UPDATE
7984,1559,4257,4,443.83,2024-04-28,UPDATE
3692,6150,7634,1,312.19,2024-05-28,DELETE
5670,9048,3998,1,352.03,2024-06-07,DELETE
5335,4719,5850,5,249.3,2024-02-12,DELETE
6337,5631,1665,4,865.01,2024-03-21,UPDATE
3355,9931,5703,1,208.84,2024-04-21,INSERT
7295,5972,7016,1,197.07,2024-04-02,INSERT
1203,3511,4048,5,606.26,2024-02-14,UPDATE
6838,6773,6725,4,256.58,2024-03-05,UPDATE
6108,4294,5621,4,750.09,2024-01-24,UPDATE
6440,4861,3333,3,720.33,2024-01-22,INSERT
4851,8790,9054,5,906.95,2024-01-08,UPDATE
6820,1737,8653,2,639.83,2024-04-06,INSERT
9062,5383,6098,1,276.52,2024-03-01,UPDATE
6371,2179,5451,1,920.57,2024-02-09,DELETE
8433,4462,5637,1,318.74,2024-05-08,INSERT
3381,6572,5291,2,467.53,2024-06-02,UPDATE
7457,3260,5221,5,622.76,2024-02-28,UPDATE
8202,7706,9396,1,951.04,2024-04-09,INSERT
9612,8880,1883,4,65.94,2024-01-15,DELETE
1493,1950,3119,4,300.93,2024-05-26,DELETE
3049,4861,3613,2,909.32,2024-06-18,INSERT
1696,1593,4889,4,899.19,2024-03-08,UPDATE
3459,8729,4975,5,780.44,2024-03-23,DELETE
4463,6307,5066,3,223.65,2024-02-06,UPDATE
9476,5839,7232,3,576.76,2024-02-08,DELETE
2515,7619,4649,4,436.31,2024-04-07,DELETE
4389,8765,2829,1,331.01,2024-01-13,UPDATE
4760,7743,6650,5,172.55,2024-01-13,INSERT
1829,7706,2712,1,169.88,2024-03-12,INSERT
5288,6824,5213,1,65.63,2024-06-18,DELETE
8898,4923,5306,1,970.35,2024-06-02,UPDATE
9289,1451,3174,3,500.75,2024-03-13,DELETE
2309,6710,5375,3,321.78,2024-06-02,UPDATE
2559,7305,3450,5,750.98,2024-03-29,DELETE
3845,8729,7518,4,340.14,2024-02-06,INSERT
4693,8023,1451,2,86.72,2024-04-17,INSERT
4301,4697,9232,2,273.64,2024-01-31,INSERT
8047,1630,4690,1,369.08,2024-06-11,INSERT
5594,4008,9778,2,614.88,2024-04-25,INSERT
8983,3697,5476,5,806.18,2024-02-27,UPDATE
9667,7107,6304,3,724.18,2024-01-05,DELETE
5277,6341,5651,1,399.95,2024-03-22,UPDATE
4931,6101,2496,3,257.06,2024-01-16,INSERT
9277,9347,8157,4,678.59,2024-05-15,DELETE
5163,2370,1463,4,144.19,2024-05-25,UPDATE
6684,3499,1447,4,281.51,2024-05-03,INSERT
5960,7938,1444,5,531.46,2024-04-12,UPDATE
4291,3473,6213,5,444.86,2024-04-11,UPDATE
1905,6370,4900,5,612.52,2024-01-30,DELETE
1590,2054,2462,1,999.78,2024-02-04,UPDATE
9078,9061,8896,4,435.27,2024-02-07,INSERT
6490,5540,9757,1,436.22,2024-06-08,UPDATE
6405,8084,5202,4,504.78,2024-04-20,UPDATE
3734,7360,7511,1,76.31,2024-03-21,INSERT
2494,3649,3716,3,304.24,2024-03-05,UPDATE
8960,6636,9620,3,661.23,2024-02-16,INSERT
3106,7229,3386,4,836.7,2024-02-06,UPDATE
8525,2263,4701,4,153.65,2024-01-19,UPDATE
2952,2386,6647,2,561.9,2024-03-28,INSERT
3340,1848,4517,1,413.39,2024-03-13,DELETE
9005,3746,9959,5,116.26,2024-02-15,UPDATE
4884,2152,3345,4,63.95,2024-01-04,DELETE
3454,9599,5007,2,874.55,2024-04-15,DELETE
9212,2263,7232,3,36.16,2024-03-17,DELETE
4511,4595,3120,5,199.63,2024-01-18,DELETE
9963,1548,8209,2,207.29,2024-04-17,UPDATE
4322,4678,3958,2,797.83,2024-01-29,DELETE
5691,4050,4475,1,874.07,2024-04-28,INSERT
9444,2040,8276,1,954.59,2024-02-14,UPDATE
3226,3809,8006,3,428.48,2024-05-17,INSERT
2484,6815,7377,2,928.83,2024-06-10,UPDATE
3825,2048,6027,3,681.23,2024-05-06,UPDATE
5767,6829,1276,4,384.52,2024-03-02,INSERT
5121,3868,1032,5,460.67,2024-03-17,UPDATE
2315,2901,8093,1,530.04,2024-05-24,UPDATE
3527,4288,8516,2,192.56,2024-03-10,UPDATE
9576,7066,1035,5,307.69,2024-02-19,UPDATE
5468,6623,8684,4,851.55,2024-06-14,DELETE
6977,5926,8320,2,578.71,2024-05-25,UPDATE
9472,6113,9507,1,832.97,2024-03-08,DELETE
4395,6748,5703,1,565.05,2024-05-30,INSERT
4852,3572,3514,5,793.71,2024-05-18,DELETE
2511,2918,4839,4,890.06,2024-04-03,DELETE
7575,3779,2260,3,806.88,2024-05-19,DELETE
8461,1583,2193,2,487.1,2024-01-17,INSERT
3332,4452,3722,3,297.22,2024-04-01,INSERT
5822,3031,1014,3,380.0,2024-02-14,UPDATE
7501,5730,9346,5,190.19,2024-03-04,INSERT
2415,2058,7972,1,312.54,2024-01-12,UPDATE
7211,3449,6726,2,509.17,2024-02-16,INSERT
3296,9209,7335,1,600.17,2024-04-27,INSERT
5096,8858,4007,2,614.9,2024-06-06,INSERT
2250,2232,9548,1,639.05,2024-05-25,UPDATE
5284,2539,8909,2,775.52,2024-01-27,DELETE
9420,7012,7377,2,495.87,2024-01-14,DELETE
9918,7328,9281,3,137.24,2024-05-21,DELETE
9188,9873,4039,1,62.81,2024-03-15,DELETE
1092,6150,8163,5,530.03,2024-03-16,UPDATE
9629,1402,2884,2,508.99,2024-06-02,DELETE
7723,9619,1033,5,155.18,2024-01-04,UPDATE
7589,7480,9232,5,802.0,2024-01-02,UPDATE
1798,1522,6562,3,373.41,2024-04-04,INSERT
4977,2263,6247,3,308.28,2024-01-24,INSERT
9739,2207,8107,4,802.64,2024-06-01,DELETE
1867,8396,8303,1,690.97,2024-02-13,DELETE
1171,8242,1980,5,439.57,2024-05-25,UPDATE
9477,4711,3120,5,667.42,2024-04-04,UPDATE
9459,7520,9778,5,97.78,2024-05-10,INSERT
9616,5943,5910,3,309.63,2024-04-28,UPDATE
7412,9606,2619,4,319.63,2024-05-27,UPDATE
4167,9790,6124,3,532.96,2024-02-03,INSERT
4075,2889,5021,1,39.01,2024-01-19,DELETE
5883,2865,4580,4,478.96,2024-04-12,UPDATE
7453,3636,9493,4,364.7,2024-05-18,DELETE
8558,8064,1807,2,25.22,2024-06-12,DELETE
2743,6681,1961,4,170.04,2024-02-11,UPDATE
9820,5697,2737,2,584.81,2024-04-15,DELETE
7823,7802,7519,5,898.86,2024-05-09,INSERT
3574,9353,7524,5,501.33,2024-03-15,DELETE
7881,5628,7388,2,599.42,2024-03-31,DELETE
3107,2176,5583,4,54.17,2024-03-15,UPDATE
6237,2299,8579,1,828.8,2024-06-13,DELETE
2763,4294,9888,2,772.4,2024-06-02,DELETE
1100,9353,8216,4,437.65,2024-01-28,DELETE
4843,7855,1143,4,703.78,2024-01-14,UPDATE
2834,8290,1992,1,684.59,2024-04-19,DELETE
8385,7358,8287,2,613.6,2024-03-22,UPDATE
2417,6411,1854,5,754.73,2024-04-05,UPDATE
1465,2905,1451,2,24.41,2024-03-13,INSERT
8649,2045,2235,3,932.06,2024-06-11,UPDATE
4083,5254,2069,3,266.34,2024-04-24,UPDATE
1498,9239,1572,2,858.82,2024-05-18,INSERT
6892,7893,9356,5,93.66,2024-06-08,UPDATE
5932,2236,1164,1,628.93,2024-01-03,DELETE
3294,3167,4081,3,967.69,2024-04-10,DELETE
8714,9505,9423,5,441.05,2024-06-04,UPDATE
5142,4984,1363,2,436.31,2024-04-08,INSERT
6055,2792,8287,1,708.7,2024-06-05,INSERT
7574,5631,9127,4,201.47,2024-05-27,DELETE
5940,6681,1400,2,262.09,2024-05-20,UPDATE
2914,6877,9225,2,670.04,2024-05-11,DELETE
3906,3577,5927,5,973.03,2024-01-07,DELETE
5219,8206,2274,5,386.1,2024-06-15,UPDATE
8571,1343,7574,4,293.07,2024-03-31,DELETE
4318,4043,6633,3,69.49,2024-05-07,DELETE
2506,7827,2816,3,633.89,2024-04-03,INSERT
7550,8068,6730,1,75.77,2024-01-03,INSERT
8084,8700,5065,4,494.83,2024-03-22,DELETE
7313,1506,4686,2,555.59,2024-01-31,UPDATE
8154,5428,2619,2,260.8,2024-01-30,DELETE
3707,3649,9127,3,338.44,2024-06-15,INSERT
5580,6748,6166,3,654.49,2024-01-11,UPDATE
5839,5865,5986,5,183.31,2024-04-15,UPDATE
4260,9596,7767,3,79.41,2024-06-27,UPDATE
7162,9678,1746,5,619.75,2024-03-03,DELETE
3846,2608,8680,3,358.48,2024-02-29,UPDATE
2949,1559,2206,4,982.26,2024-03-20,UPDATE
1991,6358,7519,3,829.7,2024-02-12,UPDATE
4579,2852,7519,2,415.14,2024-03-03,DELETE
3491,2216,1541,3,220.47,2024-03-24,DELETE
3852,8112,8931,2,533.76,2024-03-17,UPDATE
3389,8084,1864,4,315.5,2024-04-30,INSERT
7906,6737,3874,2,670.01,2024-04-15,INSERT
2213,9773,2283,5,353.79,2024-05-26,UPDATE
8576,5680,4517,1,134.49,2024-06-11,DELETE
8238,6150,1133,3,372.07,2024-05-06,INSERT
1694,8836,6923,1,756.45,2024-03-21,DELETE
2446,9567,9631,3,921.41,2024-03-19,DELETE
3457,9050,8679,3,597.29,2024-04-04,UPDATE
1759,5219,7409,1,379.54,2024-02-04,INSERT
9772,6646,5058,1,644.1,2024-06-01,UPDATE
8198,8600,3394,1,940.87,2024-05-02,UPDATE
8868,2768,9633,5,160.14,2024-05-12,DELETE
2803,4467,5843,1,371.21,2024-06-07,UPDATE
5747,6767,6447,4,224.66,2024-05-09,UPDATE
2447,5180,5289,4,872.21,2024-05-17,UPDATE
9495,2459,4420,1,812.68,2024-04-14,DELETE
2769,9472,4613,5,637.74,2024-01-01,DELETE
1554,2839,1566,1,601.81,2024-05-18,INSERT
1291,8160,1746,2,255.21,2024-05-27,DELETE
7308,1543,5778,1,154.49,2024-02-26,INSERT
7221,1603,8345,3,610.91,2024-01-27,DELETE
3415,2254,6820,1,920.4,2024-03-12,UPDATE
1790,6265,8848,5,710.69,2024-06-27,DELETE
7543,8836,6174,5,50.29,2024-03-15,UPDATE
8991,5386,7968,1,134.47,2024-06-13,UPDATE
9000,6358,3394,5,644.66,2024-02-07,INSERT
1542,6606,8804,5,474.95,2024-02-10,INSERT
6853,2901,3037,5,472.01,2024-04-17,UPDATE
3730,5094,7242,4,95.29,2024-03-13,INSERT
6900,7119,2516,4,477.25,2024-06-23,DELETE
6486,8355,4722,4,273.04,2024-03-02,UPDATE
6013,8367,1363,1,30.82,2024-03-19,UPDATE
9189,2914,7305,2,764.15,2024-03-13,INSERT
8772,8073,1864,5,270.93,2024-06-15,UPDATE
7671,7430,6687,5,496.57,2024-04-16,DELETE
9243,7121,1854,5,344.85,2024-04-23,DELETE
7162,4000,7523,1,895.93,2024-06-06,INSERT
9381,4837,3606,1,65.56,2024-06-23,DELETE
8389,1048,9833,1,31.14,2024-03-06,DELETE
9287,3389,8927,4,939.8,2024-03-12,INSERT
9528,3175,6615,1,747.76,2024-04-25,UPDATE
2413,3256,1733,5,705.31,2024-05-09,UPDATE
4307,9402,8827,3,255.47,2024-03-26,UPDATE
7116,3021,4426,2,70.12,2024-03-29,DELETE
8938,1521,6430,2,25.16,2024-01-19,INSERT
9536,2322,7627,1,483.74,2024-04-21,DELETE
2419,2429,6109,3,244.87,2024-04-15,UPDATE
7459,4505,9779,4,665.32,2024-03-02,DELETE
1648,9695,1715,2,176.19,2024-03-29,UPDATE
7727,6579,6292,4,539.68,2024-04-05,INSERT
7642,9931,5796,4,425.03,2024-04-04,DELETE
2394,6830,8107,4,328.23,2024-06-16,INSERT
3429,7523,9443,4,291.68,2024-04-26,DELETE
3441,8405,7518,5,980.11,2024-05-22,UPDATE
7355,7651,8679,4,564.45,2024-05-20,INSERT
9103,6964,8087,3,476.6,2024-01-03,DELETE
7103,7996,3759,2,420.28,2024-01-17,UPDATE
9047,6068,4889,1,269.87,2024-04-18,DELETE
3900,9596,4133,4,44.58,2024-06-17,UPDATE
6119,5112,2745,1,281.87,2024-04-09,DELETE
9598,9356,9368,2,366.78,2024-05-14,DELETE
1311,1578,1814,2,553.04,2024-03-06,DELETE
4251,9873,6519,2,136.98,2024-05-27,INSERT
2696,6566,9346,3,187.13,2024-02-09,INSERT
9529,8735,8017,3,623.17,2024-02-27,DELETE
9733,6116,7087,2,990.98,2024-03-08,UPDATE
8220,3336,5809,1,593.78,2024-03-20,INSERT
8149,8700,5583,2,343.71,2024-04-14,INSERT
6391,4595,6848,4,307.55,2024-04-05,INSERT
5803,6580,1993,4,463.56,2024-03-03,UPDATE
6357,6341,1037,1,93.38,2024-04-21,DELETE
9849,9427,6308,4,407.31,2024-02-25,UPDATE
8639,8229,8255,5,195.77,2024-02-11,UPDATE
1683,7328,4407,4,597.53,2024-05-06,DELETE
1643,5599,8530,4,247.55,2024-06-24,UPDATE
3284,2179,6325,4,225.24,2024-04-25,UPDATE
8493,6151,3752,1,311.31,2024-01-09,DELETE
1214,7909,5024,4,707.94,2024-02-02,DELETE
5753,7549,2076,2,612.46,2024-02-18,UPDATE
1671,8231,9524,3,221.89,2024-05-06,DELETE
5295,5293,1746,1,718.86,2024-01-19,DELETE
7235,4533,4311,2,208.51,2024-02-12,DELETE
3847,8229,8931,3,55.24,2024-01-18,UPDATE
1173,6171,6437,1,537.92,2024-04-20,UPDATE
7971,7107,5419,5,190.0,2024-05-24,UPDATE
9817,1387,3266,1,336.4,2024-02-21,UPDATE
4539,3570,8453,5,681.34,2024-02-26,UPDATE
6793,6710,6480,4,397.11,2024-04-15,UPDATE
6177,1737,1070,1,119.37,2024-05-30,DELETE
8310,6113,8107,5,501.55,2024-05-16,DELETE
2333,1281,4348,5,969.72,2024-02-23,DELETE
3524,9427,4555,4,15.47,2024-04-21,INSERT
8359,1451,1572,2,150.33,2024-02-28,DELETE
1131,4874,3693,1,460.68,2024-01-31,UPDATE
6792,5241,2110,3,111.61,2024-03-24,UPDATE
6995,5926,5177,1,884.98,2024-05-29,DELETE
6796,2096,1012,4,110.46,2024-02-29,DELETE
6757,6830,2315,3,500.17,2024-01-27,DELETE
1353,8023,5660,3,149.28,2024-06-26,DELETE
6104,8833,9097,3,618.63,2024-05-24,UPDATE
4190,7893,9840,3,678.09,2024-02-20,DELETE
5032,7947,6480,4,524.3,2024-04-24,DELETE
5863,2216,8287,2,229.19,2024-02-21,INSERT
5161,6646,2534,3,316.62,2024-01-14,DELETE
3282,5385,6325,1,493.57,2024-01-01,INSERT
4698,6889,8734,1,512.85,2024-02-19,DELETE
2975,4755,5703,4,363.81,2024-05-30,DELETE
6341,3210,3228,5,277.06,2024-02-09,UPDATE
4924,9429,8006,5,140.04,2024-01-24,INSERT
1509,6196,7547,5,155.59,2024-06-18,DELETE
3662,6068,7519,3,741.35,2024-05-09,INSERT
3181,1964,6434,2,384.55,2024-03-26,INSERT
7360,3598,5283,1,964.15,2024-06-15,UPDATE
4802,7684,4283,3,543.49,2024-04-23,INSERT
8478,2492,3219,4,376.14,2024-04-18,INSERT
8480,9347,5778,1,314.0,2024-04-20,UPDATE
3093,1812,1450,4,844.35,2024-05-06,UPDATE
4731,5961,3165,3,916.22,2024-05-25,UPDATE
7093,6635,5419,2,62.91,2024-05-29,DELETE
6996,7229,4058,4,838.87,2024-03-03,DELETE
3207,2563,2206,3,681.63,2024-06-12,DELETE
2263,6196,1756,3,395.07,2024-01-19,UPDATE
7618,3310,9833,5,246.82,2024-04-24,DELETE
8780,6119,7075,1,279.21,2024-05-10,INSERT
2236,2696,8345,2,695.17,2024-05-09,UPDATE
9387,7836,5850,2,387.36,2024-04-05,INSERT
5570,8868,6650,5,21.97,2024-02-13,INSERT
6521,3338,7974,5,54.94,2024-04-17,UPDATE
4574,9402,8680,3,649.14,2024-04-30,INSERT
5948,5775,8160,3,750.02,2024-01-20,INSERT
1540,6606,1285,1,836.82,2024-06-08,INSERT
1099,3449,6633,3,501.09,2024-01-25,DELETE
7514,5080,8351,1,392.81,2024-02-18,INSERT
8462,1465,3193,1,128.54,2024-03-09,INSERT
6840,3976,1032,3,276.11,2024-06-14,INSERT
9551,3175,4007,4,144.1,2024-01-23,DELETE
6318,5003,6727,4,770.5,2024-03-19,INSERT
5958,8317,2146,1,206.55,2024-06-12,INSERT
9320,4399,9959,5,548.59,2024-01-19,INSERT
6383,2254,9836,4,832.67,2024-04-30,DELETE
7756,9678,4540,4,205.21,2024-05-11,UPDATE
2597,3292,5560,5,975.64,2024-05-25,INSERT
5216,5386,8626,1,248.74,2024-05-29,UPDATE
4701,7360,5913,1,262.29,2024-05-08,INSERT
2830,3790,8223,3,454.07,2024-05-04,UPDATE
9383,4043,3504,2,852.0,2024-04-01,DELETE
1557,4782,8420,5,844.45,2024-02-22,UPDATE
3052,7938,7087,2,145.83,2024-02-13,UPDATE
1229,8112,1746,2,104.76,2024-06-22,UPDATE
1111,6184,5328,4,799.46,2024-06-17,UPDATE
4040,7073,5902,3,365.27,2024-06-05,DELETE
7559,5140,9709,1,578.81,2024-03-19,INSERT
3658,9314,6226,4,952.32,2024-06-14,INSERT
9351,8068,1463,5,638.8,2024-04-08,INSERT
8141,3476,7214,5,486.08,2024-01-14,INSERT
1937,1150,7511,5,371.3,2024-01-14,INSERT
4669,6101,7451,3,497.88,2024-01-30,INSERT
4702,8648,2423,2,532.79,2024-03-12,DELETE
2414,3505,5637,1,557.88,2024-04-19,UPDATE
8383,2811,5648,2,266.59,2024-06-17,UPDATE
5667,7568,3001,3,58.61,2024-01-08,INSERT
5303,4288,3703,3,156.85,2024-02-02,DELETE
8795,4893,5445,4,356.16,2024-01-14,DELETE
1719,9301,9840,3,924.67,2024-04-04,UPDATE
8868,6171,1012,3,752.07,2024-06-13,UPDATE
9950,3300,9127,3,981.26,2024-05-24,INSERT
1322,2972,9616,3,242.36,2024-03-22,INSERT
2511,2116,3419,2,446.7,2024-05-25,INSERT
3635,8023,2076,4,543.85,2024-03-03,DELETE
8029,3292,4934,3,53.17,2024-02-23,DELETE
9077,7119,1604,4,931.56,2024-02-21,INSERT
2405,5262,9986,1,322.17,2024-01-30,DELETE
8809,4500,1665,4,60.02,2024-05-24,INSERT
3276,9533,7519,2,133.08,2024-03-02,UPDATE
9558,4222,6394,4,788.16,2024-03-31,INSERT
6798,6832,5291,4,10.65,2024-03-04,DELETE
8999,9845,8570,3,510.4,2024-02-26,DELETE
1304,9436,1716,2,257.58,2024-04-20,INSERT
1745,2839,9620,3,478.89,2024-01-03,INSERT
5946,7553,7092,5,54.55,2024-01-11,INSERT
6409,1522,4743,1,363.21,2024-06-26,INSERT
8005,4050,8453,4,181.66,2024-05-30,DELETE
8905,4837,7974,2,478.35,2024-01-26,DELETE
5697,1964,2816,2,101.46,2024-03-12,DELETE
6396,5094,3958,5,836.94,2024-04-21,UPDATE
6925,5386,4889,3,485.01,2024-03-11,UPDATE
2669,9058,3986,4,304.48,2024-06-26,INSERT
6774,5293,6553,3,975.7,2024-02-15,INSERT
5611,8972,4121,4,175.46,2024-02-15,INSERT
4913,1930,9945,3,564.32,2024-05-30,DELETE
9358,3976,1966,5,629.44,2024-05-23,DELETE
6447,6099,7779,3,483.76,2024-02-12,INSERT
6064,8160,8305,4,68.0,2024-02-26,INSERT
5634,3460,2032,4,965.26,2024-06-12,UPDATE
5272,7909,5210,5,708.85,2024-06-06,DELETE
6110,7222,4945,3,972.85,2024-01-08,UPDATE
5391,9784,9620,2,592.09,2024-06-27,INSERT
2427,8738,4580,4,413.12,2024-06-17,DELETE
3087,8706,5541,5,538.8,2024-03-18,UPDATE
5680,4801,2712,3,574.65,2024-02-14,DELETE
4181,9311,7999,1,150.15,2024-01-02,UPDATE
3694,6068,7881,3,737.31,2024-05-06,INSERT
5768,9845,1037,2,343.6,2024-01-28,UPDATE
8140,6832,4794,2,807.76,2024-05-11,UPDATE
4151,2832,5621,3,961.05,2024-01-14,INSERT
6010,2257,4968,4,986.36,2024-04-09,INSERT
5824,5854,8848,3,16.78,2024-04-15,INSERT
5519,5112,7445,5,372.98,2024-02-20,DELETE
8117,3171,5520,3,914.82,2024-04-22,INSERT
9186,8127,1555,1,647.0,2024-01-08,DELETE
7840,4932,1325,2,271.59,2024-02-05,DELETE
5121,4966,3716,1,744.82,2024-04-02,INSERT
3922,5010,5910,5,270.1,2024-04-16,INSERT
4867,7396,3275,1,449.23,2024-02-18,DELETE
8404,4984,8270,4,754.59,2024-02-02,DELETE
9258,6681,6065,3,160.21,2024-04-08,INSERT
1786,5434,2153,4,191.12,2024-03-17,DELETE
3252,7855,5470,3,491.25,2024-02-01,INSERT
5712,4280,6383,5,954.83,2024-05-12,UPDATE
3181,6646,8197,4,104.01,2024-05-09,DELETE
8529,4754,3007,3,40.27,2024-06-03,INSERT
5664,6400,8734,4,563.48,2024-01-17,DELETE
2943,4505,1156,4,404.36,2024-04-01,INSERT
5503,1301,8919,1,483.31,2024-03-30,UPDATE
2692,3511,8909,2,827.8,2024-05-11,INSERT
3626,2516,7634,5,596.32,2024-05-14,INSERT
8744,4031,6431,4,595.82,2024-04-08,INSERT
5613,8780,2726,5,120.14,2024-02-04,UPDATE
8265,4484,4655,5,930.63,2024-03-19,INSERT
3804,8064,6056,1,263.63,2024-04-16,DELETE
9159,9878,2110,2,444.58,2024-02-25,DELETE
4424,6623,9888,4,508.05,2024-04-26,UPDATE
3418,6009,9432,4,526.83,2024-06-06,DELETE
1475,4971,8561,5,981.46,2024-05-02,UPDATE
3877,7782,6786,4,849.61,2024-05-19,DELETE
6473,1452,5910,3,396.88,2024-03-07,INSERT
2666,8627,1037,2,542.78,2024-02-05,INSERT
5527,7898,1037,3,357.05,2024-06-23,DELETE
7488,3970,5873,1,17.23,2024-05-09,INSERT
8253,1944,2312,2,950.17,2024-03-04,DELETE
7086,5180,6483,3,156.32,2024-05-10,DELETE
9000,2914,8577,4,28.66,2024-02-18,DELETE
6876,2696,3484,1,241.52,2024-01-24,UPDATE
1756,1660,6494,2,570.18,2024-01-17,INSERT
2525,9873,6213,5,639.67,2024-01-20,INSERT
4001,4837,8087,1,933.78,2024-03-12,DELETE
1416,7904,3388,2,482.65,2024-02-20,UPDATE
4505,6068,8679,1,279.98,2024-04-05,DELETE
1771,9681,9662,5,674.3,2024-03-25,DELETE
2393,2284,3713,4,249.37,2024-05-18,INSERT
1104,5094,6065,2,495.97,2024-04-25,UPDATE
9731,3574,4433,5,872.55,2024-06-15,UPDATE
1601,2580,8087,4,845.35,2024-02-19,DELETE
3329,3976,6138,4,15.29,2024-01-28,INSERT
8916,5390,2976,1,72.61,2024-04-06,DELETE
5393,2241,4859,3,602.13,2024-06-27,DELETE
3798,6893,7416,2,635.68,2024-03-07,INSERT
3980,6184,6830,1,713.81,2024-04-02,INSERT
9804,4280,2843,5,455.94,2024-01-16,INSERT
6310,6646,3124,2,878.6,2024-02-07,DELETE
1919,7893,4184,1,546.12,2024-02-19,UPDATE
3225,8867,6518,1,731.78,2024-04-15,DELETE
4460,8907,1906,2,678.83,2024-06-21,DELETE
5441,8850,1961,4,22.36,2024-03-01,INSERT
3165,1979,5902,4,753.84,2024-06-18,DELETE
7643,6307,5205,1,748.39,2024-01-11,INSERT
7818,6150,7645,3,215.17,2024-04-30,DELETE
2475,6394,9432,4,549.27,2024-05-27,UPDATE
3002,4955,4517,4,136.81,2024-02-21,UPDATE
8187,9347,3713,5,809.25,2024-02-09,DELETE
6987,5350,9710,2,645.78,2024-05-19,UPDATE
4986,1964,9124,4,313.18,2024-04-18,DELETE
7539,2668,4988,1,244.66,2024-01-08,DELETE
2736,3727,4722,4,330.5,2024-04-01,DELETE
2353,5257,4058,5,458.08,2024-05-26,DELETE
2030,3167,3693,4,477.69,2024-01-26,UPDATE
7434,3851,2569,5,355.5,2024-02-17,DELETE
4380,8332,3480,1,358.98,2024-05-24,DELETE
3944,9566,2534,5,370.62,2024-06-02,UPDATE
2565,6822,5375,3,772.8,2024-06-21,UPDATE
9873,1228,4306,1,696.94,2024-02-01,INSERT
9356,2028,4540,3,121.5,2024-04-15,DELETE
6703,7142,5986,3,275.47,2024-04-01,UPDATE
2371,3346,8576,1,875.37,2024-05-03,DELETE
3194,4874,8919,3,745.05,2024-01-19,DELETE
7609,1045,8530,3,175.6,2024-02-03,UPDATE
5087,9211,3304,3,39.55,2024-05-01,DELETE
3805,9402,7974,5,252.02,2024-02-27,INSERT
3575,4462,8570,1,785.95,2024-03-29,DELETE
7922,4268,8093,1,421.12,2024-03-20,INSERT
9283,6644,5815,1,260.78,2024-02-18,INSERT
5529,8868,1496,5,793.48,2024-05-26,INSERT
9177,2207,6494,4,438.18,2024-03-21,DELETE
9885,8934,1825,5,431.47,2024-03-25,DELETE
9586,5937,5308,1,381.3,2024-06-11,UPDATE
6536,6124,7510,4,955.57,2024-05-14,INSERT
8914,5839,4767,5,507.09,2024-03-10,INSERT
3463,7641,6304,4,897.96,2024-02-16,INSERT
6824,2045,5388,3,937.63,2024-05-25,UPDATE
3338,3399,3986,4,511.6,2024-05-06,UPDATE
9490,2486,8944,4,256.72,2024-03-18,UPDATE
9102,2661,3451,1,986.38,2024-03-29,INSERT
9216,9844,5809,4,444.02,2024-06-27,DELETE
6790,6784,9118,1,875.01,2024-04-19,UPDATE
1756,3287,9796,2,724.01,2024-01-09,DELETE
9225,8903,5823,3,183.2,2024-05-04,INSERT
7275,5658,9566,4,953.67,2024-06-10,UPDATE
6360,3019,3958,2,99.23,2024-02-12,INSERT
8596,3698,4051,4,586.29,2024-01-30,INSERT
8133,2951,2267,3,752.49,2024-02-04,DELETE
2605,6644,9671,3,773.15,2024-04-28,INSERT
2703,2827,4847,5,245.83,2024-01-26,INSERT
2319,3026,8576,3,379.14,2024-01-11,DELETE
9946,6341,5186,5,474.49,2024-06-25,DELETE
1542,1260,4206,1,42.85,2024-01-23,UPDATE
8718,2263,7684,3,814.93,2024-03-02,INSERT
3064,9521,8420,1,543.63,2024-05-01,UPDATE
6098,6358,1773,1,467.42,2024-05-24,DELETE
8545,7067,5695,4,64.34,2024-03-07,INSERT
4852,6353,4015,4,953.44,2024-06-20,INSERT
4671,3060,7016,1,621.35,2024-02-25,INSERT
3137,7450,5148,4,297.84,2024-04-02,UPDATE
1111,4435,3001,1,158.23,2024-04-16,DELETE
2946,1984,1906,4,889.56,2024-02-04,INSERT
7800,6555,9127,1,104.08,2024-03-03,INSERT
7928,7480,1883,1,227.11,2024-02-18,INSERT
7218,8210,6431,5,561.81,2024-01-08,DELETE
5593,7893,9712,3,470.63,2024-05-06,UPDATE
7606,6991,6480,3,622.14,2024-06-27,DELETE
9110,7147,5815,5,819.1,2024-06-17,UPDATE
2346,6824,2235,2,845.62,2024-06-24,DELETE
2709,7549,7852,2,625.79,2024-05-06,DELETE
8119,9911,7445,1,507.28,2024-06-12,UPDATE
1345,1376,9053,3,895.54,2024-02-01,INSERT
4556,6115,9631,2,585.36,2024-03-16,DELETE
4024,8876,7140,2,103.88,2024-02-02,DELETE
2830,7808,7519,3,883.07,2024-01-06,INSERT
2372,2713,9261,1,211.67,2024-02-27,UPDATE
4082,5762,8279,3,681.44,2024-02-11,UPDATE
1264,8760,3266,2,917.86,2024-03-05,UPDATE
5268,1365,1196,5,222.32,2024-02-05,DELETE
1772,6139,9701,1,436.08,2024-04-05,DELETE
1197,9606,5986,3,168.63,2024-03-21,DELETE
6993,8066,4586,3,483.73,2024-05-20,UPDATE
3646,5937,5458,5,145.92,2024-04-22,DELETE
6436,2484,6075,3,772.12,2024-01-26,DELETE
6862,1578,5419,2,510.96,2024-05-22,UPDATE
5152,5241,7982,3,365.79,2024-01-18,INSERT
3856,2973,3174,2,387.87,2024-06-15,DELETE
4221,5839,6430,3,132.76,2024-02-14,DELETE
3309,7314,5914,2,863.22,2024-06-26,INSERT
2053,2901,8734,1,370.44,2024-01-10,DELETE
3750,1521,3481,5,856.32,2024-04-30,UPDATE
7484,5180,5007,2,357.24,2024-01-28,DELETE
1890,8600,5879,5,635.38,2024-05-24,INSERT
6816,2661,3606,2,519.1,2024-05-18,DELETE
8493,1228,1946,2,625.35,2024-02-03,UPDATE
2176,8661,7305,2,759.9,2024-05-21,DELETE
7751,3392,7335,2,506.0,2024-02-10,INSERT
7876,4932,8762,2,565.97,2024-01-20,INSERT
7455,4058,9281,5,988.14,2024-01-11,INSERT
9034,8544,9124,1,469.26,2024-04-13,INSERT
3378,8317,3119,1,558.43,2024-05-08,INSERT
8310,5769,1559,4,480.89,2024-02-14,DELETE
4037,1094,1496,1,510.1,2024-01-27,UPDATE
3228,8112,8754,1,887.62,2024-06-25,DELETE
5690,9773,2372,2,451.52,2024-05-16,UPDATE
2402,9403,9662,1,144.86,2024-01-18,UPDATE
9715,8880,7365,3,633.09,2024-05-24,DELETE
4994,4024,4701,2,354.67,2024-05-13,INSERT
9566,6829,6325,3,125.56,2024-05-25,UPDATE
9524,9429,4420,1,580.97,2024-06-12,INSERT
9951,6832,4564,2,290.42,2024-05-20,DELETE
7809,1930,6672,3,845.55,2024-05-16,DELETE
2742,3464,9214,1,239.64,2024-02-03,INSERT
3476,3240,3165,1,202.68,2024-05-08,DELETE
3525,4390,3533,1,709.02,2024-02-24,DELETE
2806,9908,8453,3,82.41,2024-03-05,INSERT
5267,7328,6959,5,984.41,2024-03-25,INSERT
8382,3852,2514,2,771.25,2024-02-01,INSERT
1291,8437,1355,3,62.12,2024-04-15,UPDATE
5955,9873,3548,2,607.57,2024-01-16,INSERT
2338,2975,5551,3,879.12,2024-02-25,INSERT
2615,1008,8157,5,519.39,2024-01-10,INSERT
7262,2061,7445,1,606.71,2024-06-02,INSERT
7462,6525,4300,4,384.86,2024-03-27,UPDATE
8752,8076,1993,2,503.25,2024-06-15,INSERT
4627,9162,6672,3,208.71,2024-06-15,INSERT
1072,6116,3209,5,617.11,2024-01-08,DELETE
7635,1499,9483,1,303.94,2024-04-17,DELETE
2382,1183,7968,1,418.26,2024-04-30,DELETE
5849,5775,8303,4,308.07,2024-01-07,INSERT
4186,6358,1447,2,284.57,2024-02-27,INSERT
4082,3366,5289,1,881.0,2024-05-02,UPDATE
3687,8967,1980,5,621.7,2024-05-26,UPDATE
3182,2808,3518,3,661.33,2024-01-14,INSERT
6660,7073,4350,1,552.94,2024-03-24,INSERT
2004,5465,7877,2,434.24,2024-03-18,INSERT
9645,4754,9368,3,558.65,2024-06-08,INSERT
8993,8325,9779,4,409.31,2024-06-26,DELETE
4512,7044,9443,5,590.32,2024-05-10,UPDATE
9135,4166,5291,1,343.73,2024-04-20,UPDATE
1053,1712,7684,5,157.83,2024-04-27,DELETE
8204,6525,6262,5,897.64,2024-06-24,INSERT
7432,6417,8804,1,133.52,2024-01-06,INSERT
6400,6303,5698,3,603.7,2024-05-31,DELETE
4826,1521,1974,3,29.68,2024-03-20,DELETE
5832,3028,3703,1,58.93,2024-03-29,INSERT
4552,9429,9548,2,654.2,2024-01-13,DELETE
5312,5103,9124,5,194.74,2024-04-07,UPDATE
9942,9910,7451,3,693.36,2024-02-06,UPDATE
3044,8084,4426,3,923.88,2024-05-26,DELETE
8828,6422,1091,1,624.29,2024-04-01,UPDATE
1942,6883,9710,2,576.15,2024-04-19,DELETE
2314,5854,6923,5,971.05,2024-02-08,UPDATE
7178,6116,2193,3,308.56,2024-01-03,INSERT
2479,6341,7309,5,81.4,2024-03-04,INSERT
2309,6219,2811,1,386.18,2024-06-16,INSERT
7266,3636,2906,2,252.94,2024-06-11,INSERT
5745,1548,6549,2,74.93,2024-04-12,DELETE
9961,8932,3159,3,147.3,2024-03-21,DELETE
8564,8346,7968,5,841.95,2024-01-28,DELETE
4109,7437,2619,3,753.65,2024-03-18,DELETE
4413,6838,2064,1,128.05,2024-02-23,INSERT
5471,5241,9649,1,442.96,2024-05-17,DELETE
5220,2544,6647,4,390.12,2024-02-22,INSERT
2610,6113,3089,1,476.81,2024-05-05,INSERT
9934,1164,9286,1,922.51,2024-02-16,INSERT
1745,9353,2906,2,567.89,2024-05-08,DELETE
2640,5926,8481,3,79.1,2024-01-28,INSERT
4090,8012,1395,3,96.18,2024-05-01,UPDATE
9400,1560,3165,3,638.55,2024-05-10,INSERT
7900,1265,4057,5,306.58,2024-06-06,INSERT
8035,7568,7779,1,146.38,2024-02-22,DELETE
1729,7760,9493,2,527.45,2024-04-12,UPDATE
3228,4008,1717,4,790.45,2024-03-08,UPDATE
1168,4704,5438,2,196.88,2024-03-22,INSERT
4183,6119,5065,4,808.75,2024-02-28,INSERT
1376,5762,6778,3,491.81,2024-04-04,INSERT
9176,6184,1463,4,585.01,2024-05-03,DELETE
2395,2633,6523,5,299.54,2024-05-02,INSERT
5400,2696,4363,2,966.92,2024-05-03,UPDATE
4461,7627,7060,2,280.76,2024-03-31,DELETE
3747,2852,3594,2,147.17,2024-05-03,UPDATE
1112,2972,6166,2,132.76,2024-04-16,UPDATE
2186,1737,8279,5,277.67,2024-03-10,DELETE
8051,2243,5638,5,62.51,2024-04-30,UPDATE
7462,7706,7877,5,947.09,2024-06-15,DELETE
7156,1024,2680,4,221.54,2024-01-11,UPDATE
9450,6946,4319,2,612.42,2024-01-22,DELETE
2928,2492,7451,5,744.99,2024-04-05,DELETE
7721,2901,5986,5,210.85,2024-02-23,UPDATE
9706,1048,8739,2,679.37,2024-02-08,INSERT
3050,6139,1814,3,537.53,2024-03-18,DELETE
9898,9599,8931,2,144.05,2024-02-13,UPDATE
6709,3590,1206,5,469.29,2024-05-25,DELETE
4461,3068,1107,4,409.27,2024-01-28,DELETE
9676,3746,6726,5,197.18,2024-04-02,UPDATE
9349,7523,6416,1,766.18,2024-02-06,UPDATE
6258,1568,4388,4,918.76,2024-03-20,INSERT
6183,4500,9559,3,921.74,2024-06-12,INSERT
8302,2232,8216,4,205.65,2024-05-25,DELETE
5869,3727,1733,5,790.71,2024-01-08,DELETE
8904,1950,1809,3,162.95,2024-02-17,DELETE
6372,5980,8279,3,926.55,2024-06-04,DELETE
2994,3511,1587,2,554.25,2024-04-18,UPDATE
1456,3338,3521,3,525.43,2024-04-03,UPDATE
1668,5177,8145,1,430.27,2024-05-24,INSERT
6976,3326,7062,3,162.03,2024-04-15,UPDATE
1675,2429,4206,2,234.84,2024-04-29,DELETE
4374,6824,9286,1,236.81,2024-02-08,DELETE
9254,9612,6549,1,566.04,2024-04-04,INSERT
8994,9353,3386,2,701.98,2024-04-19,UPDATE
9904,1265,5202,2,667.46,2024-02-19,DELETE
9814,3102,1450,5,271.4,2024-04-25,UPDATE
1856,1602,3064,1,14.5,2024-06-05,DELETE
5342,5504,9276,3,144.93,2024-03-17,UPDATE
7353,7684,3594,1,824.17,2024-04-04,DELETE
4910,3548,9405,5,124.99,2024-05-16,DELETE
6384,7619,6885,4,127.48,2024-06-24,DELETE
8519,3280,2069,3,121.16,2024-01-02,INSERT
2369,3577,1782,2,824.14,2024-04-07,INSERT
8669,4987,1924,3,220.57,2024-04-04,INSERT
3115,6150,5362,3,324.98,2024-02-13,INSERT
3821,5695,6959,4,283.27,2024-03-02,UPDATE
1799,7211,1572,1,945.62,2024-02-17,INSERT
4154,9440,8798,1,70.37,2024-03-07,UPDATE
2372,3165,1825,4,464.47,2024-04-26,INSERT
5452,7523,1992,3,27.46,2024-04-26,DELETE
9378,7197,7754,2,999.88,2024-05-12,UPDATE
1460,6085,1208,5,535.9,2024-06-11,DELETE
8004,4076,6292,2,653.75,2024-06-19,DELETE
9127,2516,6075,4,561.22,2024-06-08,INSERT
1496,5332,8804,1,335.8,2024-05-12,DELETE
7942,7520,4516,1,744.32,2024-02-05,INSERT
2233,5241,9298,2,705.88,2024-01-15,DELETE
8155,2273,9214,2,843.3,2024-05-01,INSERT
7873,8934,4975,1,932.96,2024-04-22,UPDATE
5418,6506,9765,2,877.88,2024-02-17,INSERT
3536,6728,9907,2,784.47,2024-03-14,INSERT
4028,5245,5041,5,584.88,2024-03-07,UPDATE
3518,8967,5587,2,781.2,2024-06-04,UPDATE
3453,9050,7309,4,260.14,2024-04-08,DELETE
8178,8903,8240,2,838.22,2024-05-11,DELETE
1419,1452,3209,3,757.98,2024-02-23,DELETE
9924,2661,7881,2,108.92,2024-05-21,INSERT
2337,5972,8919,4,592.4,2024-06-13,DELETE
1474,5126,5451,1,163.93,2024-02-09,DELETE
5786,5599,4015,4,568.7,2024-01-19,UPDATE
8165,9405,3874,1,808.31,2024-05-26,DELETE
8424,6681,9232,4,471.55,2024-01-13,INSERT
8763,6728,4435,2,697.18,2024-05-05,INSERT
8192,3021,2467,1,86.56,2024-04-18,DELETE
4699,3505,3703,5,174.57,2024-04-09,INSERT
9146,1848,5177,5,552.32,2024-02-08,DELETE
6021,4971,6223,4,182.07,2024-02-07,UPDATE
8882,1387,9947,3,146.06,2024-05-29,UPDATE
9686,3859,9631,3,164.04,2024-03-30,DELETE
3255,9203,5772,1,477.39,2024-02-27,DELETE
6986,7144,1386,4,473.62,2024-02-23,DELETE
4764,9572,4053,3,488.11,2024-01-27,DELETE
5321,8346,1430,1,435.51,2024-04-24,INSERT
2528,1995,7991,1,782.73,2024-02-17,INSERT
3219,2914,5790,5,662.87,2024-05-20,UPDATE
5518,5271,1529,4,490.54,2024-06-09,INSERT
9766,1506,3695,2,101.64,2024-06-07,UPDATE
4240,2299,2206,4,97.7,2024-02-15,DELETE
7386,6579,6171,4,88.71,2024-02-29,UPDATE
3390,5428,8919,2,423.83,2024-03-21,INSERT
6566,2975,2079,4,611.71,2024-02-26,UPDATE
5541,6196,4613,2,430.47,2024-06-16,DELETE
8470,2516,2509,1,910.25,2024-06-25,UPDATE
4543,2192,6056,4,298.9,2024-04-12,INSERT
4440,5126,7461,1,513.55,2024-01-19,INSERT
5911,7819,3199,3,527.54,2024-04-24,INSERT
1752,8066,3081,2,488.53,2024-03-24,INSERT
7627,5080,5911,1,531.75,2024-01-04,UPDATE
1758,1164,2558,1,596.14,2024-05-06,DELETE
5983,6681,4308,5,289.47,2024-05-31,DELETE
1183,6365,2266,4,602.31,2024-04-11,UPDATE
9051,3256,6153,4,22.71,2024-01-15,INSERT
4462,8780,8861,2,133.72,2024-04-07,INSERT
4857,3473,8087,4,302.73,2024-06-08,DELETE
9431,3164,2315,3,209.74,2024-04-12,INSERT
2007,4719,4097,5,787.1,2024-02-17,INSERT
5501,2661,4234,1,363.33,2024-04-21,INSERT
9402,2386,8297,4,193.66,2024-01-09,INSERT
5091,5813,1276,1,314.18,2024-01-04,DELETE
5584,5839,1496,2,169.17,2024-03-14,UPDATE
8604,9911,5913,4,338.02,2024-01-16,UPDATE
7573,3024,4900,4,315.02,2024-05-16,DELETE
8445,7761,5796,1,757.66,2024-02-23,UPDATE
9995,3845,2235,1,376.9,2024-03-03,DELETE
5653,9003,4051,3,473.0,2024-01-14,DELETE
1854,7714,8087,4,659.26,2024-04-14,UPDATE
6753,6711,8841,1,36.48,2024-02-06,UPDATE
8702,1343,4543,5,282.58,2024-02-01,INSERT
6942,3280,5018,2,529.52,2024-06-10,DELETE
9467,6601,5490,5,250.87,2024-06-20,DELETE
1135,5465,2057,2,571.83,2024-04-20,INSERT
9836,1462,4540,5,222.87,2024-01-19,UPDATE
8735,8519,5362,3,819.86,2024-03-25,UPDATE
7376,9328,6494,4,279.67,2024-05-09,INSERT
4931,6150,1261,1,873.66,2024-06-08,DELETE
7157,4294,7232,2,523.18,2024-03-12,DELETE
4165,7619,8734,2,15.57,2024-03-04,DELETE
9426,5732,6547,1,939.53,2024-02-19,UPDATE
7248,6119,7309,4,380.7,2024-01-13,DELETE
7372,9586,3695,2,55.83,2024-02-24,INSERT
3263,8946,6056,1,53.52,2024-02-16,DELETE
2664,9646,9372,1,725.09,2024-03-28,INSERT
9598,8112,1825,2,566.27,2024-05-23,INSERT
1675,2668,8530,1,917.87,2024-05-06,DELETE
4222,2243,4670,1,991.57,2024-01-19,INSERT
5767,5103,4283,3,687.43,2024-05-12,UPDATE
2895,9609,9760,1,148.95,2024-05-03,UPDATE
7867,1083,1451,1,343.42,2024-06-27,UPDATE
7513,3511,3573,4,308.46,2024-04-20,INSERT
4436,4991,5452,4,141.6,2024-06-26,UPDATE
5123,6341,2581,3,29.94,2024-02-27,DELETE
8501,2781,5419,2,246.76,2024-03-15,UPDATE
1845,6959,6213,1,374.07,2024-02-28,INSERT
6443,3205,9753,4,623.08,2024-04-02,INSERT
4050,1041,2671,2,856.66,2024-05-24,DELETE
8537,1812,7515,2,541.57,2024-02-24,DELETE
5265,5093,9152,5,563.84,2024-01-19,INSERT
6542,1715,9840,2,931.51,2024-06-03,UPDATE
4129,7805,1032,3,457.49,2024-02-26,DELETE
5329,4462,1541,3,21.16,2024-01-25,UPDATE
1501,5972,4407,4,934.31,2024-04-29,DELETE
8731,3399,1514,2,509.9,2024-03-26,INSERT
1032,8477,1133,3,870.79,2024-05-20,UPDATE
4560,3157,4612,5,547.41,2024-02-22,UPDATE
5924,5997,9298,1,924.88,2024-06-05,DELETE
9411,5658,3644,3,919.59,2024-01-29,UPDATE
3902,1228,5497,4,178.22,2024-01-15,DELETE
5449,2808,9266,3,403.24,2024-02-25,INSERT
8826,5029,1390,5,436.06,2024-05-11,DELETE
8030,7496,1091,4,667.4,2024-03-25,INSERT
5763,6579,7643,5,889.44,2024-05-05,INSERT
7721,7450,3165,3,601.27,2024-05-28,DELETE
4692,5029,1578,4,53.45,2024-06-23,UPDATE
5997,9784,9730,4,578.7,2024-01-26,UPDATE
6958,5465,4323,3,358.84,2024-05-29,INSERT
4393,7627,7708,3,653.64,2024-06-04,INSERT
4029,7893,1091,1,112.27,2024-06-20,DELETE
6731,5321,2235,3,718.28,2024-05-19,INSERT
7649,7706,7932,5,159.56,2024-01-31,DELETE
4158,7066,3481,1,978.15,2024-02-28,UPDATE
3158,7743,2283,1,52.53,2024-03-02,DELETE
3236,7301,1936,1,482.33,2024-02-12,INSERT
8409,6823,7523,4,804.3,2024-06-25,DELETE
4008,6810,7587,4,828.25,2024-05-03,INSERT
6982,2792,3341,5,540.85,2024-05-30,UPDATE
7045,7358,8223,2,292.35,2024-01-16,DELETE
2544,6555,4421,4,323.81,2024-04-07,UPDATE
5180,8850,3998,1,596.43,2024-01-30,DELETE
7979,4000,2708,5,429.98,2024-04-01,DELETE
5790,1793,3644,5,295.14,2024-03-18,UPDATE
6379,3505,7539,5,929.01,2024-05-11,UPDATE
7254,5218,4283,3,742.33,2024-05-31,INSERT
3747,8648,8848,3,790.11,2024-01-29,DELETE
8332,5488,8043,2,486.28,2024-05-07,DELETE
1413,5865,3386,1,390.88,2024-02-02,UPDATE
9195,8879,5095,2,590.3,2024-04-14,DELETE
4555,5093,5148,4,231.75,2024-04-22,DELETE
8880,6681,4388,1,978.63,2024-05-18,INSERT
3083,6681,2545,1,371.16,2024-01-17,DELETE
8334,1587,5790,1,107.91,2024-04-27,UPDATE
1442,3636,2372,2,654.72,2024-01-20,DELETE
6870,6370,4613,5,668.94,2024-03-27,INSERT
7123,4452,6437,4,852.91,2024-01-13,INSERT
3289,2683,7092,2,96.64,2024-04-14,INSERT
6783,8891,9372,5,149.03,2024-01-27,UPDATE
5353,4452,2032,2,636.74,2024-03-11,DELETE
4159,3560,3051,5,24.28,2024-01-05,INSERT
4387,5762,1133,1,117.15,2024-03-01,UPDATE
2923,6481,1325,1,708.98,2024-01-24,DELETE
1505,5980,5551,3,981.37,2024-05-17,UPDATE
8858,3496,3542,1,789.75,2024-01-31,UPDATE
3349,3894,6558,3,30.59,2024-03-16,UPDATE
6393,5504,5108,1,119.86,2024-01-23,INSERT
2044,1964,6494,3,574.09,2024-02-19,UPDATE
2746,5313,5476,3,215.23,2024-05-03,UPDATE
6475,6893,4580,4,42.35,2024-05-14,INSERT
7681,5732,8240,4,626.41,2024-04-08,INSERT
3610,5909,4247,5,561.68,2024-04-19,UPDATE
2354,3280,3727,3,872.78,2024-04-22,UPDATE
5834,2918,1280,4,525.47,2024-05-07,INSERT
2443,7652,4701,3,837.65,2024-04-06,UPDATE
1089,6089,4968,5,366.25,2024-05-09,INSERT
6213,6400,5205,1,304.92,2024-02-15,DELETE
5013,7211,5542,1,17.08,2024-03-24,UPDATE
5303,2590,9225,5,474.19,2024-04-24,INSERT
3212,7781,4057,4,297.48,2024-03-12,INSERT
2482,7819,7433,1,583.82,2024-01-23,INSERT
8038,6196,4426,4,786.38,2024-01-11,DELETE
4909,3006,4480,2,697.22,2024-05-08,DELETE
4009,7706,9410,5,503.12,2024-03-18,DELETE
5994,8068,7684,1,983.37,2024-04-11,DELETE
1522,5385,2343,5,710.53,2024-04-04,UPDATE
8393,9634,1447,5,54.47,2024-06-09,INSERT
3318,3371,4564,2,250.46,2024-01-09,INSERT
2738,3398,2534,3,541.53,2024-01-26,DELETE
7947,9931,8385,3,147.12,2024-04-07,INSERT
5124,7151,8233,4,135.04,2024-04-04,UPDATE
2954,7909,6304,5,833.61,2024-01-24,DELETE
7957,2661,3284,2,929.27,2024-03-07,INSERT
6090,5775,9945,2,522.96,2024-06-23,UPDATE
9519,8389,1022,3,710.0,2024-05-28,DELETE
3434,8615,5066,2,279.59,2024-01-16,INSERT
1038,3019,9945,3,429.56,2024-04-30,DELETE
2123,5010,8322,5,678.82,2024-03-14,INSERT
4770,7583,8345,5,776.45,2024-04-18,INSERT
3180,1568,1447,4,906.22,2024-04-11,UPDATE
9862,1281,8818,3,716.97,2024-06-21,UPDATE
1249,2827,4007,2,526.29,2024-03-16,DELETE
3836,7496,3219,4,738.89,2024-05-23,INSERT
3921,4024,8131,5,668.41,2024-06-16,DELETE
9646,2554,5065,5,831.35,2024-01-04,INSERT
3693,6599,9232,4,15.05,2024-05-18,UPDATE
2908,3409,7518,1,980.16,2024-02-13,UPDATE
1933,9429,4975,5,791.5,2024-05-18,INSERT
1358,5151,2237,1,498.16,2024-01-22,DELETE
3441,1398,9779,3,947.68,2024-04-07,DELETE
9093,2590,7587,3,281.36,2024-01-19,UPDATE
2937,9705,9426,3,192.54,2024-02-07,DELETE
4248,6815,4163,3,785.72,2024-03-17,UPDATE
9491,8728,9662,2,770.6,2024-03-10,UPDATE
9743,3893,9139,1,358.02,2024-01-14,UPDATE
4152,3175,7519,2,68.15,2024-06-09,DELETE
7230,4399,6726,3,293.26,2024-06-27,INSERT
1783,9770,8927,5,452.61,2024-01-27,INSERT
3595,9321,8303,5,413.61,2024-02-03,DELETE
8321,4280,5497,5,460.85,2024-05-12,UPDATE
3844,1415,8570,1,230.19,2024-01-13,UPDATE
9042,2608,5910,3,393.55,2024-05-08,INSERT
1100,4595,2783,2,401.79,2024-04-10,INSERT
3642,2808,5419,5,508.63,2024-06-11,UPDATE
1476,4987,9753,2,955.57,2024-02-08,DELETE
4998,3519,4097,5,748.03,2024-05-06,UPDATE
5282,8802,6885,3,363.95,2024-02-24,INSERT
9750,8976,4655,1,688.44,2024-01-17,INSERT
4412,1024,8250,2,521.01,2024-02-02,DELETE
3830,8649,9836,1,773.39,2024-06-11,INSERT
6017,5332,9423,1,601.71,2024-01-17,DELETE
7690,1211,7978,2,615.46,2024-06-07,DELETE
4613,4923,2690,3,645.82,2024-05-25,UPDATE
9898,6113,8798,1,322.25,2024-01-16,INSERT
2975,5839,5648,2,915.27,2024-04-18,DELETE
3499,9058,7852,2,847.36,2024-03-22,UPDATE
9895,3489,5451,5,594.72,2024-03-10,DELETE
8785,9549,8087,1,134.75,2024-01-23,INSERT
9573,9537,1587,5,181.7,2024-01-23,INSERT
5098,5845,6053,4,169.48,2024-01-20,UPDATE
7842,2797,9363,5,183.75,2024-05-02,DELETE
5542,9681,3650,3,509.35,2024-05-28,UPDATE
9702,9299,3451,2,982.04,2024-05-20,INSERT
4053,4058,5833,5,755.31,2024-05-20,DELETE
6743,7506,6072,5,35.51,2024-04-04,INSERT
7880,9695,7895,3,589.26,2024-01-28,INSERT
5682,1343,1427,1,884.27,2024-05-09,DELETE
9740,2170,3727,1,183.51,2024-02-26,INSERT
9596,2563,1208,4,726.38,2024-02-18,INSERT
7105,1398,9326,4,696.68,2024-06-26,INSERT
8237,2370,7532,1,382.55,2024-04-29,INSERT
2787,2713,4670,1,385.83,2024-05-03,INSERT
4133,3663,3862,1,655.65,2024-06-21,DELETE
8179,4731,2982,2,298.72,2024-04-16,UPDATE
6174,6208,6004,2,335.22,2024-01-19,UPDATE
7613,2781,4015,5,913.94,2024-05-12,INSERT
3077,9301,5007,3,810.03,2024-06-15,DELETE
8556,6700,8305,4,953.24,2024-01-03,INSERT
1967,9962,1769,4,765.16,2024-06-16,UPDATE
5991,1387,9124,5,451.59,2024-06-17,UPDATE
3507,3781,8892,4,538.5,2024-04-10,DELETE
9044,2061,5058,4,602.84,2024-04-17,INSERT
9909,7893,3117,2,749.3,2024-03-29,UPDATE
8592,4777,9266,1,562.51,2024-06-27,INSERT
6832,2343,2262,4,856.04,2024-05-02,INSERT
1215,1869,6247,2,128.99,2024-02-23,INSERT
2445,2764,5066,5,916.24,2024-04-05,UPDATE
1491,4423,5914,2,666.12,2024-03-28,INSERT
9561,5599,4210,4,311.13,2024-01-01,UPDATE
5959,1268,4297,2,154.63,2024-04-10,UPDATE
6272,1994,9053,5,322.57,2024-01-02,DELETE
1305,3511,7140,1,23.11,2024-01-17,DELETE
6687,6352,8481,3,815.87,2024-02-20,DELETE
9456,8206,7767,2,573.28,2024-01-21,DELETE
1836,4008,9662,1,830.83,2024-02-10,INSERT
7174,1008,9053,1,507.61,2024-04-22,INSERT
9026,5775,5824,5,271.82,2024-03-13,DELETE
4983,9095,2501,2,725.87,2024-03-16,UPDATE
7739,4957,9232,1,515.43,2024-04-26,DELETE
4850,2914,6133,1,642.02,2024-05-30,DELETE
3304,8544,1208,2,368.68,2024-03-04,DELETE
1763,9974,5192,3,977.5,2024-05-20,UPDATE
5813,3464,9199,3,675.91,2024-04-17,DELETE
1124,2096,8896,2,916.7,2024-06-10,DELETE
2430,5658,5850,5,206.71,2024-02-11,DELETE
2673,4040,6923,1,419.42,2024-02-07,INSERT
8083,4763,1769,5,292.17,2024-02-03,UPDATE
4003,2661,9298,3,137.89,2024-06-18,UPDATE
7879,8761,4057,1,744.27,2024-01-10,DELETE
9454,3371,4945,4,823.42,2024-05-24,DELETE
4577,4801,8579,3,87.04,2024-03-09,DELETE
1134,1452,9924,5,662.82,2024-01-27,DELETE
5489,4966,4420,4,745.4,2024-05-14,UPDATE
7073,7121,2843,3,840.85,2024-01-01,INSERT
2118,1184,1191,2,46.84,2024-04-08,DELETE
2325,6323,2986,1,433.66,2024-03-14,INSERT
7337,4559,8576,5,433.29,2024-05-27,DELETE
8790,2823,7974,3,243.87,2024-04-22,INSERT
3360,3371,6778,3,646.58,2024-02-11,INSERT
7738,7184,9710,4,898.41,2024-02-23,INSERT
8367,8310,7522,1,502.11,2024-04-29,UPDATE
3390,2250,6138,4,514.08,2024-05-09,DELETE
2288,7652,2501,2,891.89,2024-06-06,UPDATE
9592,5953,1809,1,468.82,2024-01-15,INSERT
4066,3984,6611,5,703.99,2024-04-15,UPDATE
9825,3164,6233,4,343.17,2024-06-17,INSERT
6878,3587,9053,5,104.31,2024-01-20,DELETE
6126,2713,4956,3,346.41,2024-03-14,UPDATE
5185,6259,2482,1,656.94,2024-04-08,DELETE
3269,4008,3752,4,378.67,2024-06-12,DELETE
4352,8787,1814,5,674.9,2024-01-30,INSERT
8616,6113,7144,5,978.95,2024-02-28,DELETE
4176,3371,7517,5,317.75,2024-01-03,DELETE
3465,6456,4670,5,343.0,2024-01-14,INSERT
4479,4216,6124,3,20.63,2024-01-06,DELETE
3521,2827,8647,4,257.77,2024-03-14,DELETE
4568,4162,9735,1,832.01,2024-01-16,INSERT
1856,7125,5137,2,380.84,2024-01-29,DELETE
3054,6566,3834,4,887.94,2024-01-12,UPDATE
5359,8084,4918,1,230.63,2024-06-16,DELETE
5035,8544,6923,2,71.96,2024-05-22,UPDATE
6410,3587,9127,4,488.16,2024-04-03,UPDATE
8191,2683,5362,1,564.41,2024-03-08,DELETE
6899,4906,9054,1,709.8,2024-04-18,DELETE
4017,1024,6730,5,17.46,2024-04-25,UPDATE
1579,8972,4014,3,283.92,2024-03-08,UPDATE
8512,8544,1905,3,78.67,2024-03-31,UPDATE
4537,7805,6407,5,198.35,2024-05-12,UPDATE
5259,1546,2746,2,799.01,2024-05-12,UPDATE
